Image_1669622863352707.jpg,0.0,0
Image_1669622863508945.jpg,0.0,0
Image_1669622863519631.jpg,0.0,0
Image_166962286353555.jpg,0.0,0
Image_1669622863548103.jpg,0.0,0
Image_1669622863558913.jpg,0.0,0
Image_1669622863585879.jpg,0.0,0
Image_1669622863619376.jpg,0.0,0
Image_1669622863650538.jpg,0.0,0
Image_1669622863685723.jpg,0.0,0
Image_1669622863717851.jpg,0.0,0
Image_1669622863751713.jpg,0.0,0
Image_1669622863786347.jpg,0.0,0
Image_1669622863817488.jpg,0.0,0
Image_1669622863849503.jpg,0.0,0
Image_1669622863887762.jpg,0.0,0
Image_1669622863919046.jpg,0.0,0
Image_1669622863949623.jpg,0.0,0
Image_1669622863987587.jpg,0.0,0
Image_1669622864021883.jpg,0.0,0
Image_1669622864052845.jpg,0.0,0
Image_1669622864087461.jpg,0.0,0
Image_1669622864118022.jpg,0.0,0
Image_1669622864150512.jpg,0.0,0
Image_1669622864187448.jpg,0.0,0
Image_1669622864219797.jpg,0.0,0
Image_1669622864251769.jpg,0.0,0
Image_1669622864286793.jpg,0.0,0
Image_1669622864317992.jpg,0.0,0
Image_1669622864350403.jpg,0.0,0
Image_1669622864387067.jpg,0.0,0
Image_1669622864418952.jpg,0.0,0
Image_1669622864452254.jpg,0.0,0
Image_1669622864485698.jpg,0.0,0
Image_1669622864522055.jpg,0.0,0
Image_1669622864556125.jpg,0.0,0
Image_1669622864588115.jpg,0.0,0
Image_1669622864617878.jpg,0.0,0
Image_1669622864650766.jpg,0.0,0
Image_1669622864686957.jpg,0.0,0
Image_1669622864718937.jpg,0.0,0
Image_1669622864751512.jpg,0.0,0
Image_1669622864787448.jpg,0.0,0
Image_1669622864818978.jpg,0.0,0
Image_166962286484985.jpg,0.0,0
Image_1669622864886757.jpg,0.0,0
Image_1669622864918774.jpg,0.0,0
Image_1669622864951558.jpg,0.0,0
Image_1669622864987736.jpg,0.0,0
Image_1669622865019248.jpg,0.0,0
Image_1669622865050907.jpg,0.0,0
Image_1669622865086303.jpg,0.0,0
Image_1669622865119391.jpg,0.0,0
Image_1669622865151594.jpg,0.0,0
